Iteration,Sentiment_Summary,Top_Issues,Suggestions,Critique
1,"1. **Service:** - Positive: Guests frequently praised the friendliness and helpfulness of the staff (Reviews 1, 4, 7, 10). - Negative: Some guests reported unprofessional service and rudeness (Reviews 6, 9).  2. **Cleanliness:** - Positive: Several guests noted that their rooms were clean and well-maintained (Reviews 1, 4, 8, 10). - Negative: A few guests expressed disappointment with cleanliness, mentioning dirty rooms and bathrooms (Reviews 3, 9).  3. **Amenities:** - Positive: Guests appreciated the spaciousness and quality of amenities (Reviews 1, 4, 10). - Negative: Some guests mentioned issues with specific amenities, such as air conditioning and Wi-Fi (Reviews 6, 8).  4. **Location:** - Positive: The location was generally seen as convenient (Reviews 2, 5, 7, 8). - Negative: Some guests felt the location could be more central (Review 2).  5. **Overall Experience:** - Positive: Many guests had a fantastic overall experience (Reviews 1, 4, 10). - Negative: A few guests felt their experience was mediocre or disappointing (Reviews 2, 3, 6, 9).","1. **Inconsistent Cleanliness:** Some guests reported issues with room and bathroom cleanliness. 2. **Service Quality:** While many guests praised the staff, there were notable complaints about rudeness and unprofessional behavior. 3. **Amenities Functionality:** Problems with air conditioning and Wi-Fi speed were highlighted. 4. **Location Perception:** While generally convenient, some guests desired a more central location.","1. **Enhance Cleanliness Protocols:** - Implement a more rigorous cleaning checklist for housekeeping staff to ensure all rooms and bathrooms meet high cleanliness standards before guest check-in. - Conduct regular inspections of rooms to maintain cleanliness and address any issues promptly.  2. **Staff Training and Development:** - Provide additional training for staff on customer service best practices to ensure consistent, friendly, and professional interactions with guests. - Establish a feedback mechanism for guests to report service issues, allowing for immediate corrective action.  3. **Improve Amenities:** - Address maintenance issues with air conditioning units and ensure they are functioning properly before guests check in. - Upgrade Wi-Fi infrastructure to provide faster and more reliable internet access throughout the hotel.  4. **Location Marketing:** - Highlight the positive aspects of the hotel's location in marketing materials, while also providing clear information about the distance to key attractions to manage guest expectations.  5. **Guest Experience Feedback:** - Encourage guests to provide feedback during their stay through surveys or direct communication, allowing the hotel to address concerns in real-time and improve overall satisfaction.","### Critique of the Sentiment Analysis Report

#### Evaluation of Themes

1. **Service:**
   - **Strengths:** The report effectively captures the dual nature of guest experiences regarding service, highlighting both positive and negative sentiments. The specific reviews cited lend credibility to the findings.
   - **Weaknesses:** The report could benefit from quantifying the sentiments (e.g., percentage of positive vs. negative reviews) to provide a clearer picture of the overall sentiment. Additionally, it could explore the context of the negative reviews to understand if they were isolated incidents or part of a broader trend.

2. **Cleanliness:**
   - **Strengths:** The report identifies cleanliness as a significant theme, noting both praise and complaints. This is crucial for guest satisfaction.
   - **Weaknesses:** Similar to the service theme, quantifying the sentiments would enhance the analysis. Furthermore, it would be helpful to specify whether the complaints about cleanliness were related to specific rooms or areas of the hotel.

3. **Amenities:**
   - **Strengths:** The report highlights both appreciation for amenities and specific issues, which is important for understanding guest expectations.
   - **Weaknesses:** The report could provide more detail on the nature of the complaints regarding amenities. For instance, were the air conditioning and Wi-Fi issues widespread or limited to a few guests? This context would help prioritize which issues to address first.

4. **Location:**
   - **Strengths:** The report captures the general sentiment about the location effectively, noting both convenience and the desire for a more central location.
   - **Weaknesses:** It would be beneficial to elaborate on what guests consider a ""central"" location and how far the hotel is from key attractions. This could help in assessing whether the location is indeed a significant issue.

5. **Overall Experience:**
   - **Strengths:** The summary of overall experience captures the general sentiment well, indicating that while many guests had a positive experience, there are notable exceptions.
   - **Weaknesses:** The report could benefit from a more detailed breakdown of what contributed to the positive experiences versus the negative ones. This could help identify specific areas for improvement.

#### Actionable Suggestions

1. **Enhance Cleanliness Protocols:**
   - **Strengths:** The suggestions are practical and directly address the issues raised by guests.
   - **Weaknesses:** The report could suggest implementing guest feedback mechanisms specifically related to cleanliness, allowing for real-time adjustments.

2. **Staff Training and Development:**
   - **Strengths:** The focus on training is essential for improving service quality.
   - **Weaknesses:** The report could recommend specific training programs or workshops that have proven effective in similar settings. Additionally, establishing a culture of accountability among staff could be emphasized.

3. **Improve Amenities:**
   - **Strengths:** The suggestions are relevant and actionable.
   - **Weaknesses:** The report could suggest conducting a guest survey to identify which amenities are most valued and prioritize improvements accordingly.

4. **Location Marketing:**
   - **Strengths:** The suggestion to highlight positive aspects of the location is practical.
   - **Weaknesses:** The report could recommend partnerships with local attractions or transportation services to enhance guest experiences related to location.

5. **Guest Experience Feedback:**
   - **Strengths:** Encouraging feedback is a proactive approach to improving guest satisfaction.
   - **Weaknesses:** The report could suggest specific tools or platforms for collecting feedback, such as mobile apps or in-room tablets, to make the process easier for guests.

#### Overall Assessment

The sentiment analysis report effectively captures key themes and provides actionable suggestions for improvement. However, it would benefit from quantifying sentiments, providing more context for complaints, and suggesting specific tools or programs for implementation. Additionally, a more detailed exploration of the nuances behind guest experiences could lead to more targeted and effective improvements. Overall, the report serves as a solid foundation for understanding guest sentiments and addressing areas for enhancement."
2,"1. **Service:** - **Positive Sentiment:** - Reviews 1, 4, 7, 10 highlight friendly, attentive, and professional staff, contributing to a positive guest experience. - **Negative Sentiment:** - Reviews 6, 9 indicate unprofessional service and rude staff, leading to dissatisfaction.  2. **Cleanliness:** - **Positive Sentiment:** - Reviews 1, 4, 7, 10 commend the cleanliness of the rooms and facilities. - **Negative Sentiment:** - Reviews 3, 6, 9 express disappointment regarding cleanliness, with specific complaints about dirty rooms and bathrooms.  3. **Amenities:** - **Positive Sentiment:** - Reviews 1, 4, 7, 10 appreciate the amenities provided, such as spacious rooms and breakfast options. - **Negative Sentiment:** - Reviews 6, 8 mention issues with air conditioning and Wi-Fi, indicating that some amenities did not meet expectations.  4. **Location:** - **Positive Sentiment:** - Reviews 2, 7, 8 highlight the convenience of the location for exploring the area. - **Negative Sentiment:** - Reviews 2, 5 express a desire for a more central location, suggesting that the current location may not meet all guests' needs.  5. **Overall Experience:** - **Positive Sentiment:** - Reviews 1, 4, 7, 10 reflect a strong overall satisfaction with the hotel experience. - **Negative Sentiment:** - Reviews 3, 6, 9 indicate significant dissatisfaction, suggesting that while many guests had positive experiences, there are critical areas needing attention.","1. **Inconsistent Service Quality:** - Mixed reviews regarding staff professionalism and attentiveness.  2. **Cleanliness Concerns:** - Reports of dirty rooms and bathrooms, which are critical for guest satisfaction.  3. **Amenities Functionality:** - Issues with air conditioning and Wi-Fi performance affecting guest comfort.  4. **Location Perception:** - While convenient, some guests desire a more central location to key attractions.","1. **Enhance Cleanliness Protocols:** - Implement a rigorous cleaning checklist and schedule for rooms and common areas. - Introduce a guest feedback mechanism specifically for cleanliness, allowing for immediate reporting and resolution of issues.  2. **Staff Training and Development:** - Conduct regular training sessions focused on customer service excellence and conflict resolution. - Establish a recognition program for staff who consistently receive positive feedback to foster a culture of accountability and motivation.  3. **Improve Amenities:** - Assess and upgrade air conditioning systems to ensure proper functionality. - Conduct a survey to identify which amenities are most valued by guests and prioritize improvements based on feedback.  4. **Location Marketing:** - Create promotional materials that highlight nearby attractions and transportation options to enhance the perceived value of the location. - Consider partnerships with local businesses to offer discounts or packages that encourage guests to explore the area.  5. **Guest Experience Feedback:** - Implement digital feedback tools, such as in-room tablets or mobile apps, to facilitate real-time guest feedback on their experience. - Regularly review feedback to identify trends and areas for improvement, ensuring that guest concerns are addressed promptly.  ### Overall Assessment  The analysis effectively captures the sentiments expressed in guest reviews, identifying key themes and areas for improvement. By quantifying sentiments and providing context for complaints, the hotel can better understand guest experiences and prioritize enhancements. The actionable suggestions are practical and targeted, aiming to address the most pressing issues while enhancing overall guest satisfaction. Implementing these improvements will likely lead to a more consistent and positive experience for future guests.","The sentiment analysis report provides a comprehensive overview of guest feedback, effectively categorizing sentiments by theme and identifying key issues. However, there are several areas where the report could be improved in terms of clarity, depth, and actionable insights.

### Evaluation of Themes

1. **Service:**
   - **Strengths:** The report captures the duality of service experiences well, highlighting both positive and negative sentiments.
   - **Weaknesses:** It could benefit from more specific examples or quotes from the reviews to illustrate the sentiments more vividly. Additionally, it would be helpful to quantify the number of reviews in each sentiment category to provide a clearer picture of the overall sentiment distribution.

2. **Cleanliness:**
   - **Strengths:** The report identifies cleanliness as a critical issue, which is essential for guest satisfaction.
   - **Weaknesses:** Similar to the service theme, including specific examples or direct quotes from dissatisfied guests would strengthen the analysis. It would also be useful to categorize the severity of cleanliness complaints (e.g., minor issues vs. major concerns).

3. **Amenities:**
   - **Strengths:** The report effectively highlights both appreciation for amenities and specific complaints.
   - **Weaknesses:** It lacks detail on which amenities are most frequently mentioned, both positively and negatively. A breakdown of the most valued amenities could guide improvements more effectively.

4. **Location:**
   - **Strengths:** The report acknowledges mixed feelings about the location, which is important for understanding guest expectations.
   - **Weaknesses:** It could explore the reasons behind the desire for a more central location. Are guests looking for nightlife, dining options, or proximity to attractions? This context would help tailor marketing and service strategies.

5. **Overall Experience:**
   - **Strengths:** The summary captures the overall sentiment well.
   - **Weaknesses:** It would be beneficial to quantify how many guests fall into the positive vs. negative categories to provide a clearer picture of overall satisfaction.

### Actionable Suggestions

1. **Enhance Cleanliness Protocols:**
   - **Strengths:** The suggestions are practical and focus on immediate improvements.
   - **Weaknesses:** The report could suggest specific cleaning standards or certifications to aim for, which would provide a clearer benchmark for success.

2. **Staff Training and Development:**
   - **Strengths:** The focus on training and recognition is commendable.
   - **Weaknesses:** It would be helpful to include metrics for evaluating the effectiveness of training programs, such as guest satisfaction scores before and after training.

3. **Improve Amenities:**
   - **Strengths:** The suggestions are relevant and actionable.
   - **Weaknesses:** The report could recommend specific technologies or brands for upgrading air conditioning and Wi-Fi, providing a more concrete path forward.

4. **Location Marketing:**
   - **Strengths:** The idea of enhancing marketing efforts is sound.
   - **Weaknesses:** The report could suggest specific marketing channels or strategies (e.g., social media campaigns, partnerships with local influencers) to reach potential guests more effectively.

5. **Guest Experience Feedback:**
   - **Strengths:** The emphasis on real-time feedback is a strong suggestion.
   - **Weaknesses:** It would be beneficial to recommend specific platforms or tools for collecting feedback, as well as how to analyze and act on this data effectively.

### Missing Elements

- **Quantitative Analysis:** The report lacks quantitative data that could provide a clearer picture of sentiment distribution. For example, percentages of positive vs. negative reviews for each theme would enhance understanding.
- **Guest Demographics:** Understanding the demographics of the guests providing feedback could help tailor improvements more effectively. Are certain issues more prevalent among specific age groups or types of travelers?
- **Competitive Analysis:** A comparison with competitors could provide context for the hotel's performance and highlight areas where it may be falling short relative to industry standards.

### Conclusion

Overall, the sentiment analysis report is a solid foundation for understanding guest feedback and identifying areas for improvement. However, it could be enhanced with more specific examples, quantitative data, and deeper insights into guest demographics and competitive positioning. The actionable suggestions are practical but could benefit from additional specificity and measurable outcomes to ensure effective implementation."
3,"1. **Service:** - **Positive Sentiments:** - Guests appreciated friendly and attentive staff (Reviews 1, 4, 7, 10). - **Negative Sentiments:** - Some guests reported unprofessional service and rudeness (Reviews 6, 9). - **Overall Sentiment:** Mixed, with a notable divide between excellent service experiences and significant complaints.  2. **Cleanliness:** - **Positive Sentiments:** - Several guests noted clean and well-maintained rooms (Reviews 1, 4, 8, 10). - **Negative Sentiments:** - Complaints about unclean rooms and bathrooms, with specific plumbing issues mentioned (Reviews 3, 9). - **Overall Sentiment:** Mixed, with a concerning number of cleanliness complaints.  3. **Amenities:** - **Positive Sentiments:** - Guests enjoyed the amenities provided, including breakfast and room features (Reviews 1, 7, 10). - **Negative Sentiments:** - Issues with air conditioning and Wi-Fi speed were highlighted (Reviews 6, 8). - **Overall Sentiment:** Generally positive, but specific amenities need improvement.  4. **Location:** - **Positive Sentiments:** - The location was described as convenient for some guests (Reviews 2, 7, 8). - **Negative Sentiments:** - Some guests desired a more central location (Reviews 2, 5). - **Overall Sentiment:** Mixed, with a need for better clarity on location advantages.  5. **Overall Experience:** - **Positive Sentiments:** - Many guests expressed satisfaction with their stay (Reviews 1, 4, 10). - **Negative Sentiments:** - Disappointment was noted in several reviews, particularly regarding cleanliness and service (Reviews 3, 6, 9). - **Overall Sentiment:** Generally positive, but significant areas for improvement exist.","1. **Cleanliness Concerns:** - Reports of unclean rooms and bathrooms, with specific plumbing issues.  2. **Service Quality:** - Mixed experiences with staff professionalism and attentiveness.  3. **Amenities Functionality:** - Problems with air conditioning and Wi-Fi speed affecting guest comfort.  4. **Location Expectations:** - Guests desire a more central location for better access to attractions.","1. **Enhance Cleanliness Protocols:** - Implement a rigorous cleaning checklist and schedule, ensuring all rooms meet high cleanliness standards before guest check-in. - Consider third-party cleaning certifications to enhance credibility.  2. **Staff Training and Development:** - Conduct regular training sessions focused on customer service excellence and professionalism. - Introduce a recognition program for staff who receive positive guest feedback to encourage high service standards.  3. **Improve Amenities:** - Upgrade air conditioning units to ensure proper functionality and eliminate musty odors. - Invest in high-speed Wi-Fi solutions to enhance connectivity for guests.  4. **Location Marketing:** - Highlight nearby attractions and conveniences in marketing materials to better inform potential guests about the location's benefits. - Consider partnerships with local businesses to offer guests exclusive deals or experiences that enhance their stay.  5. **Guest Experience Feedback:** - Implement a real-time feedback system (e.g., mobile app or in-room tablets) to gather guest opinions during their stay. - Analyze feedback data regularly to identify trends and address issues promptly.  ### Missing Elements  - **Quantitative Analysis:** Include percentages of positive vs. negative reviews for each theme to provide a clearer picture of sentiment distribution. - **Guest Demographics:** Collect demographic data to understand which guest segments are most affected by specific issues. - **Competitive Analysis:** Compare performance with local competitors to identify areas for improvement and set benchmarks.  ### Conclusion  The sentiment analysis provides a solid foundation for understanding guest feedback and identifying areas for improvement. By addressing cleanliness, service quality, amenities, and location marketing, the hotel can enhance the overall guest experience. Implementing the actionable suggestions with measurable outcomes will ensure effective improvements and increased guest satisfaction.","The sentiment analysis report provides a comprehensive overview of guest feedback across various themes, highlighting both positive and negative sentiments. Here’s a critique of the report, focusing on the themes, actionable suggestions, and areas for improvement:

### Evaluation of Themes

1. **Service:**
   - **Strengths:** The report effectively captures the divide in guest experiences regarding service, noting both positive and negative sentiments.
   - **Weaknesses:** It could benefit from more specific examples or quotes from reviews to illustrate the nature of the complaints about unprofessional service and rudeness. This would provide context and depth to the analysis.

2. **Cleanliness:**
   - **Strengths:** The report identifies cleanliness as a significant concern, which is crucial for guest satisfaction.
   - **Weaknesses:** While it mentions plumbing issues, it could elaborate on the severity and frequency of these complaints. Additionally, it would be helpful to quantify how many reviews mentioned cleanliness issues versus those that praised it.

3. **Amenities:**
   - **Strengths:** The report acknowledges both enjoyment of amenities and specific issues, which is balanced.
   - **Weaknesses:** It lacks detail on which amenities were most appreciated and which specific features of air conditioning and Wi-Fi were problematic. More context could help prioritize improvements.

4. **Location:**
   - **Strengths:** The report captures mixed sentiments about the location, which is important for potential guests.
   - **Weaknesses:** It could provide more detail on what guests found inconvenient about the location. For instance, were they looking for proximity to specific attractions or public transport?

5. **Overall Experience:**
   - **Strengths:** The summary captures the general sentiment well.
   - **Weaknesses:** It could benefit from a more nuanced understanding of what aspects contributed to overall satisfaction versus dissatisfaction. 

### Actionable Suggestions

1. **Enhance Cleanliness Protocols:**
   - **Strengths:** The suggestions are practical and focus on improving standards.
   - **Weaknesses:** The report could suggest specific cleaning technologies or methods that have proven effective in the hospitality industry.

2. **Staff Training and Development:**
   - **Strengths:** Regular training and a recognition program are excellent ideas.
   - **Weaknesses:** It might be beneficial to include metrics for measuring the effectiveness of training programs, such as guest satisfaction scores post-training.

3. **Improve Amenities:**
   - **Strengths:** The suggestions are relevant and address specific complaints.
   - **Weaknesses:** It could also suggest conducting guest surveys to determine which amenities are most valued, guiding investment decisions.

4. **Location Marketing:**
   - **Strengths:** The idea of highlighting nearby attractions is practical.
   - **Weaknesses:** The report could suggest specific marketing channels or strategies to reach potential guests effectively.

5. **Guest Experience Feedback:**
   - **Strengths:** Real-time feedback systems are a great way to gather insights.
   - **Weaknesses:** The report could recommend how to incentivize guests to provide feedback, such as offering discounts on future stays.

### Missing Elements

- **Quantitative Analysis:** The absence of percentages or numerical data is a significant oversight. Including this data would provide a clearer picture of sentiment distribution and help prioritize areas for improvement.
- **Guest Demographics:** Understanding the demographics of guests who provided feedback could help tailor improvements more effectively.
- **Competitive Analysis:** A comparison with competitors would provide context for the hotel's performance and help identify best practices.

### Conclusion

Overall, the sentiment analysis report is well-structured and provides valuable insights into guest feedback. However, it could be enhanced by incorporating quantitative data, more specific examples, and a competitive analysis. The actionable suggestions are practical but could benefit from additional detail and metrics for measuring success. By addressing these areas, the hotel can create a more targeted and effective strategy for improving guest satisfaction."
